Comment,Designator,Footprint,LCSC Part #
Yellow LED,D1,R0603, C72038
0R,R23,R0603,C21189
1uf,C7 K,C0402,C52923
2.2µH 1227AS-H-2R2M=P2,L6,1227AS-H-2R2M=P2,C435389
10uf,C8 C17 C18 C19 C20 C23,C0402,C15525
12pf,C15 C16,C0402,C1547
15KR,R1 R11 R12,R0402,C25756
33KR,A N R3,R0402,C25779
120KR,B M R2,R0402,C25750
100KR,R17,R0402,C25741
100nf,C C1 C2 C3 C6 C22 D,C0402,C1525
75K,E,R0402,C25798
330R,R4 R5,R0402,C25104
200K,F,R0402,C25764
22uf,C10 C13,C0603,C59461
ATMEGA1284P-AU,U1,TQFP-44,C33575
B5819W,D2,SOD123,C8598
BLM15HD102SN1D,L1 L2 L3 L4 L5,L0402,C21516
0R,B2 B4 J H,R0402,C17168
SIP32431DR3-T1GE3,U3,SC-70-6_VIS,C141606
TAXM8M4RFDCET2T,Y3,SMD-3.2X2.5MM,C403948
TPS61200DRCR,U2,QFN-10_PAD,C140320
